timestamp, index, name, memory.used [MiB]
2026/06/01 17:28:56.278, 0, NVIDIA GeForce RTX 4090, 2094 MiB
2026/06/01 17:29:01.279, 0, NVIDIA GeForce RTX 4090, 2905 MiB
2026/06/01 17:29:06.280, 0, NVIDIA GeForce RTX 4090, 2942 MiB
2026/06/01 17:29:11.281, 0, NVIDIA GeForce RTX 4090, 2876 MiB
2026/06/01 17:29:16.281, 0, NVIDIA GeForce RTX 4090, 2876 MiB
2026/06/01 17:29:21.282, 0, NVIDIA GeForce RTX 4090, 2876 MiB
2026/06/01 17:29:26.283, 0, NVIDIA GeForce RTX 4090, 2876 MiB
2026/06/01 17:29:31.283, 0, NVIDIA GeForce RTX 4090, 2876 MiB
2026/06/01 17:29:36.284, 0, NVIDIA GeForce RTX 4090, 2876 MiB
2026/06/01 17:29:41.285, 0, NVIDIA GeForce RTX 4090, 2876 MiB
2026/06/01 17:29:46.285, 0, NVIDIA GeForce RTX 4090, 2876 MiB
2026/06/01 17:29:51.286, 0, NVIDIA GeForce RTX 4090, 2876 MiB
2026/06/01 17:29:56.287, 0, NVIDIA GeForce RTX 4090, 2876 MiB
2026/06/01 17:30:01.288, 0, NVIDIA GeForce RTX 4090, 2876 MiB
2026/06/01 17:30:06.288, 0, NVIDIA GeForce RTX 4090, 2876 MiB
2026/06/01 17:30:11.289, 0, NVIDIA GeForce RTX 4090, 2876 MiB
2026/06/01 17:30:16.290, 0, NVIDIA GeForce RTX 4090, 2876 MiB
2026/06/01 17:30:21.290, 0, NVIDIA GeForce RTX 4090, 2876 MiB
2026/06/01 17:30:26.291, 0, NVIDIA GeForce RTX 4090, 2876 MiB
2026/06/01 17:30:31.292, 0, NVIDIA GeForce RTX 4090, 2876 MiB
2026/06/01 17:30:36.293, 0, NVIDIA GeForce RTX 4090, 2876 MiB
2026/06/01 17:30:41.294, 0, NVIDIA GeForce RTX 4090, 2876 MiB
2026/06/01 17:30:46.294, 0, NVIDIA GeForce RTX 4090, 2876 MiB
2026/06/01 17:30:51.295, 0, NVIDIA GeForce RTX 4090, 2876 MiB
2026/06/01 17:30:56.296, 0, NVIDIA GeForce RTX 4090, 2875 MiB
2026/06/01 17:31:01.297, 0, NVIDIA GeForce RTX 4090, 2875 MiB
2026/06/01 17:31:06.297, 0, NVIDIA GeForce RTX 4090, 2875 MiB
2026/06/01 17:31:11.298, 0, NVIDIA GeForce RTX 4090, 2875 MiB
2026/06/01 17:31:16.299, 0, NVIDIA GeForce RTX 4090, 2875 MiB
2026/06/01 17:31:21.299, 0, NVIDIA GeForce RTX 4090, 2941 MiB
2026/06/01 17:31:26.300, 0, NVIDIA GeForce RTX 4090, 2936 MiB
2026/06/01 17:31:31.301, 0, NVIDIA GeForce RTX 4090, 2875 MiB
2026/06/01 17:31:36.301, 0, NVIDIA GeForce RTX 4090, 2932 MiB
2026/06/01 17:31:41.302, 0, NVIDIA GeForce RTX 4090, 2948 MiB
2026/06/01 17:31:46.303, 0, NVIDIA GeForce RTX 4090, 2940 MiB
2026/06/01 17:31:51.304, 0, NVIDIA GeForce RTX 4090, 2967 MiB
2026/06/01 17:31:56.304, 0, NVIDIA GeForce RTX 4090, 2987 MiB
2026/06/01 17:32:01.305, 0, NVIDIA GeForce RTX 4090, 2949 MiB
2026/06/01 17:32:06.306, 0, NVIDIA GeForce RTX 4090, 2916 MiB
2026/06/01 17:32:11.307, 0, NVIDIA GeForce RTX 4090, 2918 MiB
2026/06/01 17:32:16.307, 0, NVIDIA GeForce RTX 4090, 2907 MiB
2026/06/01 17:32:21.308, 0, NVIDIA GeForce RTX 4090, 2907 MiB
2026/06/01 17:32:26.309, 0, NVIDIA GeForce RTX 4090, 2907 MiB
2026/06/01 17:32:31.309, 0, NVIDIA GeForce RTX 4090, 2907 MiB
2026/06/01 17:32:36.310, 0, NVIDIA GeForce RTX 4090, 2907 MiB
2026/06/01 17:32:41.311, 0, NVIDIA GeForce RTX 4090, 2907 MiB
2026/06/01 17:32:46.312, 0, NVIDIA GeForce RTX 4090, 2907 MiB
2026/06/01 17:32:51.313, 0, NVIDIA GeForce RTX 4090, 2907 MiB
2026/06/01 17:32:56.314, 0, NVIDIA GeForce RTX 4090, 2907 MiB
2026/06/01 17:33:01.315, 0, NVIDIA GeForce RTX 4090, 2907 MiB
2026/06/01 17:33:06.315, 0, NVIDIA GeForce RTX 4090, 2907 MiB
2026/06/01 17:33:11.316, 0, NVIDIA GeForce RTX 4090, 2907 MiB
2026/06/01 17:33:16.317, 0, NVIDIA GeForce RTX 4090, 2907 MiB
2026/06/01 17:33:21.318, 0, NVIDIA GeForce RTX 4090, 2907 MiB
2026/06/01 17:33:26.318, 0, NVIDIA GeForce RTX 4090, 2907 MiB
2026/06/01 17:33:31.319, 0, NVIDIA GeForce RTX 4090, 2907 MiB
2026/06/01 17:33:36.320, 0, NVIDIA GeForce RTX 4090, 2907 MiB
2026/06/01 17:33:41.321, 0, NVIDIA GeForce RTX 4090, 2907 MiB
2026/06/01 17:33:46.321, 0, NVIDIA GeForce RTX 4090, 2907 MiB
2026/06/01 17:33:51.322, 0, NVIDIA GeForce RTX 4090, 2907 MiB
2026/06/01 17:33:56.323, 0, NVIDIA GeForce RTX 4090, 2907 MiB
2026/06/01 17:34:01.323, 0, NVIDIA GeForce RTX 4090, 2907 MiB
2026/06/01 17:34:06.324, 0, NVIDIA GeForce RTX 4090, 2936 MiB
2026/06/01 17:34:11.325, 0, NVIDIA GeForce RTX 4090, 2939 MiB
2026/06/01 17:34:16.325, 0, NVIDIA GeForce RTX 4090, 2956 MiB
2026/06/01 17:34:21.326, 0, NVIDIA GeForce RTX 4090, 2950 MiB
2026/06/01 17:34:26.327, 0, NVIDIA GeForce RTX 4090, 2949 MiB
2026/06/01 17:34:31.327, 0, NVIDIA GeForce RTX 4090, 2949 MiB
2026/06/01 17:34:36.328, 0, NVIDIA GeForce RTX 4090, 2959 MiB
2026/06/01 17:34:41.329, 0, NVIDIA GeForce RTX 4090, 2940 MiB
2026/06/01 17:34:46.329, 0, NVIDIA GeForce RTX 4090, 2931 MiB
2026/06/01 17:34:51.330, 0, NVIDIA GeForce RTX 4090, 2931 MiB
2026/06/01 17:34:56.331, 0, NVIDIA GeForce RTX 4090, 2931 MiB
2026/06/01 17:35:01.331, 0, NVIDIA GeForce RTX 4090, 2931 MiB
2026/06/01 17:35:06.332, 0, NVIDIA GeForce RTX 4090, 2959 MiB
2026/06/01 17:35:11.333, 0, NVIDIA GeForce RTX 4090, 2979 MiB
2026/06/01 17:35:16.334, 0, NVIDIA GeForce RTX 4090, 2992 MiB
2026/06/01 17:35:21.334, 0, NVIDIA GeForce RTX 4090, 2990 MiB
2026/06/01 17:35:26.335, 0, NVIDIA GeForce RTX 4090, 2984 MiB
2026/06/01 17:35:31.336, 0, NVIDIA GeForce RTX 4090, 2983 MiB
2026/06/01 17:35:36.336, 0, NVIDIA GeForce RTX 4090, 2972 MiB
2026/06/01 17:35:41.337, 0, NVIDIA GeForce RTX 4090, 3003 MiB
2026/06/01 17:35:46.338, 0, NVIDIA GeForce RTX 4090, 2948 MiB
2026/06/01 17:35:51.339, 0, NVIDIA GeForce RTX 4090, 2944 MiB
2026/06/01 17:35:56.339, 0, NVIDIA GeForce RTX 4090, 2972 MiB
2026/06/01 17:36:01.340, 0, NVIDIA GeForce RTX 4090, 2935 MiB
2026/06/01 17:36:06.341, 0, NVIDIA GeForce RTX 4090, 2933 MiB
2026/06/01 17:36:11.342, 0, NVIDIA GeForce RTX 4090, 2933 MiB
2026/06/01 17:36:16.342, 0, NVIDIA GeForce RTX 4090, 2963 MiB
2026/06/01 17:36:21.343, 0, NVIDIA GeForce RTX 4090, 2970 MiB
2026/06/01 17:36:26.344, 0, NVIDIA GeForce RTX 4090, 2942 MiB
2026/06/01 17:36:31.345, 0, NVIDIA GeForce RTX 4090, 2957 MiB
2026/06/01 17:36:36.345, 0, NVIDIA GeForce RTX 4090, 2960 MiB
2026/06/01 17:36:41.346, 0, NVIDIA GeForce RTX 4090, 2946 MiB
2026/06/01 17:36:46.347, 0, NVIDIA GeForce RTX 4090, 2945 MiB
2026/06/01 17:36:51.347, 0, NVIDIA GeForce RTX 4090, 2951 MiB
2026/06/01 17:36:56.348, 0, NVIDIA GeForce RTX 4090, 2935 MiB
2026/06/01 17:37:01.349, 0, NVIDIA GeForce RTX 4090, 2949 MiB
2026/06/01 17:37:06.349, 0, NVIDIA GeForce RTX 4090, 2932 MiB
2026/06/01 17:37:11.350, 0, NVIDIA GeForce RTX 4090, 2941 MiB
2026/06/01 17:37:16.351, 0, NVIDIA GeForce RTX 4090, 2947 MiB
2026/06/01 17:37:21.351, 0, NVIDIA GeForce RTX 4090, 2934 MiB
2026/06/01 17:37:26.352, 0, NVIDIA GeForce RTX 4090, 2964 MiB
2026/06/01 17:37:31.353, 0, NVIDIA GeForce RTX 4090, 2949 MiB
2026/06/01 17:37:36.353, 0, NVIDIA GeForce RTX 4090, 2932 MiB
2026/06/01 17:37:41.354, 0, NVIDIA GeForce RTX 4090, 2962 MiB
2026/06/01 17:37:46.355, 0, NVIDIA GeForce RTX 4090, 3049 MiB
2026/06/01 17:37:51.356, 0, NVIDIA GeForce RTX 4090, 2999 MiB
2026/06/01 17:37:56.357, 0, NVIDIA GeForce RTX 4090, 2932 MiB
2026/06/01 17:38:01.358, 0, NVIDIA GeForce RTX 4090, 2952 MiB
2026/06/01 17:38:06.358, 0, NVIDIA GeForce RTX 4090, 2969 MiB
2026/06/01 17:38:11.359, 0, NVIDIA GeForce RTX 4090, 2949 MiB
2026/06/01 17:38:16.361, 0, NVIDIA GeForce RTX 4090, 2958 MiB
2026/06/01 17:38:21.361, 0, NVIDIA GeForce RTX 4090, 2948 MiB
2026/06/01 17:38:26.363, 0, NVIDIA GeForce RTX 4090, 2948 MiB
2026/06/01 17:38:31.363, 0, NVIDIA GeForce RTX 4090, 2948 MiB
2026/06/01 17:38:36.365, 0, NVIDIA GeForce RTX 4090, 2948 MiB
2026/06/01 17:38:41.366, 0, NVIDIA GeForce RTX 4090, 2948 MiB
2026/06/01 17:38:46.367, 0, NVIDIA GeForce RTX 4090, 2948 MiB
2026/06/01 17:38:51.367, 0, NVIDIA GeForce RTX 4090, 2948 MiB
2026/06/01 17:38:56.368, 0, NVIDIA GeForce RTX 4090, 2948 MiB
2026/06/01 17:39:01.369, 0, NVIDIA GeForce RTX 4090, 2948 MiB
2026/06/01 17:39:06.370, 0, NVIDIA GeForce RTX 4090, 2948 MiB
2026/06/01 17:39:11.371, 0, NVIDIA GeForce RTX 4090, 2948 MiB
2026/06/01 17:39:16.371, 0, NVIDIA GeForce RTX 4090, 2936 MiB
2026/06/01 17:39:21.372, 0, NVIDIA GeForce RTX 4090, 2924 MiB
2026/06/01 17:39:26.373, 0, NVIDIA GeForce RTX 4090, 2908 MiB
2026/06/01 17:39:31.374, 0, NVIDIA GeForce RTX 4090, 2870 MiB
2026/06/01 17:39:36.374, 0, NVIDIA GeForce RTX 4090, 2860 MiB
2026/06/01 17:39:41.375, 0, NVIDIA GeForce RTX 4090, 2860 MiB
2026/06/01 17:39:46.376, 0, NVIDIA GeForce RTX 4090, 2860 MiB
2026/06/01 17:39:51.378, 0, NVIDIA GeForce RTX 4090, 2860 MiB
2026/06/01 17:39:56.378, 0, NVIDIA GeForce RTX 4090, 2860 MiB
2026/06/01 17:40:01.379, 0, NVIDIA GeForce RTX 4090, 2860 MiB
2026/06/01 17:40:06.379, 0, NVIDIA GeForce RTX 4090, 2860 MiB
2026/06/01 17:40:11.380, 0, NVIDIA GeForce RTX 4090, 2860 MiB
2026/06/01 17:40:16.381, 0, NVIDIA GeForce RTX 4090, 2860 MiB
2026/06/01 17:40:21.381, 0, NVIDIA GeForce RTX 4090, 2860 MiB
2026/06/01 17:40:26.382, 0, NVIDIA GeForce RTX 4090, 2860 MiB
2026/06/01 17:40:31.383, 0, NVIDIA GeForce RTX 4090, 2860 MiB
2026/06/01 17:40:36.384, 0, NVIDIA GeForce RTX 4090, 2860 MiB
2026/06/01 17:40:41.384, 0, NVIDIA GeForce RTX 4090, 2860 MiB
2026/06/01 17:40:46.385, 0, NVIDIA GeForce RTX 4090, 2860 MiB
2026/06/01 17:40:51.386, 0, NVIDIA GeForce RTX 4090, 2860 MiB
2026/06/01 17:40:56.386, 0, NVIDIA GeForce RTX 4090, 2860 MiB
2026/06/01 17:41:01.388, 0, NVIDIA GeForce RTX 4090, 2900 MiB
2026/06/01 17:41:06.389, 0, NVIDIA GeForce RTX 4090, 2879 MiB
2026/06/01 17:41:11.390, 0, NVIDIA GeForce RTX 4090, 3058 MiB
2026/06/01 17:41:16.390, 0, NVIDIA GeForce RTX 4090, 2961 MiB
2026/06/01 17:41:21.391, 0, NVIDIA GeForce RTX 4090, 2985 MiB
2026/06/01 17:41:26.392, 0, NVIDIA GeForce RTX 4090, 2947 MiB
2026/06/01 17:41:31.393, 0, NVIDIA GeForce RTX 4090, 2947 MiB
2026/06/01 17:41:36.394, 0, NVIDIA GeForce RTX 4090, 2947 MiB
2026/06/01 17:41:41.394, 0, NVIDIA GeForce RTX 4090, 2947 MiB
2026/06/01 17:41:46.395, 0, NVIDIA GeForce RTX 4090, 2943 MiB
2026/06/01 17:41:51.396, 0, NVIDIA GeForce RTX 4090, 2943 MiB
2026/06/01 17:41:56.397, 0, NVIDIA GeForce RTX 4090, 2943 MiB
2026/06/01 17:42:01.397, 0, NVIDIA GeForce RTX 4090, 2943 MiB
2026/06/01 17:42:06.398, 0, NVIDIA GeForce RTX 4090, 2943 MiB
2026/06/01 17:42:11.399, 0, NVIDIA GeForce RTX 4090, 2943 MiB
2026/06/01 17:42:16.399, 0, NVIDIA GeForce RTX 4090, 2943 MiB
2026/06/01 17:42:21.400, 0, NVIDIA GeForce RTX 4090, 2943 MiB
2026/06/01 17:42:26.401, 0, NVIDIA GeForce RTX 4090, 2961 MiB
2026/06/01 17:42:31.402, 0, NVIDIA GeForce RTX 4090, 2937 MiB
2026/06/01 17:42:36.402, 0, NVIDIA GeForce RTX 4090, 2937 MiB
2026/06/01 17:42:41.403, 0, NVIDIA GeForce RTX 4090, 2940 MiB
2026/06/01 17:42:46.404, 0, NVIDIA GeForce RTX 4090, 2955 MiB
2026/06/01 17:42:51.404, 0, NVIDIA GeForce RTX 4090, 2940 MiB
2026/06/01 17:42:56.405, 0, NVIDIA GeForce RTX 4090, 2879 MiB
2026/06/01 17:43:01.406, 0, NVIDIA GeForce RTX 4090, 2868 MiB
2026/06/01 17:43:06.406, 0, NVIDIA GeForce RTX 4090, 2868 MiB
2026/06/01 17:43:11.407, 0, NVIDIA GeForce RTX 4090, 2868 MiB
2026/06/01 17:43:16.408, 0, NVIDIA GeForce RTX 4090, 2868 MiB
2026/06/01 17:43:21.409, 0, NVIDIA GeForce RTX 4090, 2874 MiB
2026/06/01 17:43:26.409, 0, NVIDIA GeForce RTX 4090, 2921 MiB
2026/06/01 17:43:31.410, 0, NVIDIA GeForce RTX 4090, 2978 MiB
2026/06/01 17:43:36.411, 0, NVIDIA GeForce RTX 4090, 2963 MiB
2026/06/01 17:43:41.412, 0, NVIDIA GeForce RTX 4090, 2930 MiB
2026/06/01 17:43:46.412, 0, NVIDIA GeForce RTX 4090, 2930 MiB
2026/06/01 17:43:51.413, 0, NVIDIA GeForce RTX 4090, 2930 MiB
2026/06/01 17:43:56.414, 0, NVIDIA GeForce RTX 4090, 2930 MiB
2026/06/01 17:44:01.415, 0, NVIDIA GeForce RTX 4090, 2930 MiB
2026/06/01 17:44:06.415, 0, NVIDIA GeForce RTX 4090, 2930 MiB
2026/06/01 17:44:11.416, 0, NVIDIA GeForce RTX 4090, 2930 MiB
2026/06/01 17:44:16.417, 0, NVIDIA GeForce RTX 4090, 2930 MiB
2026/06/01 17:44:21.417, 0, NVIDIA GeForce RTX 4090, 2930 MiB
2026/06/01 17:44:26.418, 0, NVIDIA GeForce RTX 4090, 2911 MiB
2026/06/01 17:44:31.419, 0, NVIDIA GeForce RTX 4090, 2911 MiB
2026/06/01 17:44:36.420, 0, NVIDIA GeForce RTX 4090, 2953 MiB
2026/06/01 17:44:41.421, 0, NVIDIA GeForce RTX 4090, 2943 MiB
2026/06/01 17:44:46.422, 0, NVIDIA GeForce RTX 4090, 2946 MiB
2026/06/01 17:44:51.422, 0, NVIDIA GeForce RTX 4090, 2946 MiB
2026/06/01 17:44:56.423, 0, NVIDIA GeForce RTX 4090, 2946 MiB
2026/06/01 17:45:01.424, 0, NVIDIA GeForce RTX 4090, 2946 MiB
2026/06/01 17:45:06.424, 0, NVIDIA GeForce RTX 4090, 2946 MiB
2026/06/01 17:45:11.425, 0, NVIDIA GeForce RTX 4090, 2946 MiB
2026/06/01 17:45:16.426, 0, NVIDIA GeForce RTX 4090, 2946 MiB
2026/06/01 17:45:21.426, 0, NVIDIA GeForce RTX 4090, 2946 MiB
2026/06/01 17:45:26.427, 0, NVIDIA GeForce RTX 4090, 2946 MiB
2026/06/01 17:45:31.428, 0, NVIDIA GeForce RTX 4090, 2946 MiB
2026/06/01 17:45:36.428, 0, NVIDIA GeForce RTX 4090, 2946 MiB
2026/06/01 17:45:41.429, 0, NVIDIA GeForce RTX 4090, 2946 MiB
2026/06/01 17:45:46.430, 0, NVIDIA GeForce RTX 4090, 2946 MiB
2026/06/01 17:45:51.430, 0, NVIDIA GeForce RTX 4090, 2946 MiB
2026/06/01 17:45:56.431, 0, NVIDIA GeForce RTX 4090, 2946 MiB
2026/06/01 17:46:01.432, 0, NVIDIA GeForce RTX 4090, 2946 MiB
2026/06/01 17:46:06.433, 0, NVIDIA GeForce RTX 4090, 2946 MiB
2026/06/01 17:46:11.433, 0, NVIDIA GeForce RTX 4090, 2946 MiB
2026/06/01 17:46:16.434, 0, NVIDIA GeForce RTX 4090, 2946 MiB
2026/06/01 17:46:21.435, 0, NVIDIA GeForce RTX 4090, 2946 MiB
2026/06/01 17:46:26.435, 0, NVIDIA GeForce RTX 4090, 2946 MiB
2026/06/01 17:46:31.436, 0, NVIDIA GeForce RTX 4090, 2946 MiB
2026/06/01 17:46:36.437, 0, NVIDIA GeForce RTX 4090, 2946 MiB
2026/06/01 17:46:41.437, 0, NVIDIA GeForce RTX 4090, 2946 MiB
2026/06/01 17:46:46.438, 0, NVIDIA GeForce RTX 4090, 2946 MiB
2026/06/01 17:46:51.439, 0, NVIDIA GeForce RTX 4090, 2959 MiB
2026/06/01 17:46:56.439, 0, NVIDIA GeForce RTX 4090, 2975 MiB
2026/06/01 17:47:01.440, 0, NVIDIA GeForce RTX 4090, 2975 MiB
2026/06/01 17:47:06.441, 0, NVIDIA GeForce RTX 4090, 2975 MiB
2026/06/01 17:47:11.441, 0, NVIDIA GeForce RTX 4090, 2975 MiB
2026/06/01 17:47:16.442, 0, NVIDIA GeForce RTX 4090, 2975 MiB
2026/06/01 17:47:21.442, 0, NVIDIA GeForce RTX 4090, 2975 MiB
2026/06/01 17:47:26.443, 0, NVIDIA GeForce RTX 4090, 2975 MiB
2026/06/01 17:47:31.444, 0, NVIDIA GeForce RTX 4090, 2975 MiB
2026/06/01 17:47:36.444, 0, NVIDIA GeForce RTX 4090, 2975 MiB
2026/06/01 17:47:41.445, 0, NVIDIA GeForce RTX 4090, 2975 MiB
2026/06/01 17:47:46.446, 0, NVIDIA GeForce RTX 4090, 2975 MiB
2026/06/01 17:47:51.446, 0, NVIDIA GeForce RTX 4090, 2975 MiB
2026/06/01 17:47:56.447, 0, NVIDIA GeForce RTX 4090, 2975 MiB
2026/06/01 17:48:01.448, 0, NVIDIA GeForce RTX 4090, 2975 MiB
2026/06/01 17:48:06.449, 0, NVIDIA GeForce RTX 4090, 2975 MiB
2026/06/01 17:48:11.450, 0, NVIDIA GeForce RTX 4090, 2975 MiB
2026/06/01 17:48:16.450, 0, NVIDIA GeForce RTX 4090, 2975 MiB
2026/06/01 17:48:21.451, 0, NVIDIA GeForce RTX 4090, 2975 MiB
2026/06/01 17:48:26.452, 0, NVIDIA GeForce RTX 4090, 2975 MiB
2026/06/01 17:48:31.452, 0, NVIDIA GeForce RTX 4090, 2975 MiB
2026/06/01 17:48:36.453, 0, NVIDIA GeForce RTX 4090, 2975 MiB
2026/06/01 17:48:41.454, 0, NVIDIA GeForce RTX 4090, 2976 MiB
2026/06/01 17:48:46.454, 0, NVIDIA GeForce RTX 4090, 2976 MiB
2026/06/01 17:48:51.455, 0, NVIDIA GeForce RTX 4090, 2976 MiB
2026/06/01 17:48:56.456, 0, NVIDIA GeForce RTX 4090, 2976 MiB
2026/06/01 17:49:01.457, 0, NVIDIA GeForce RTX 4090, 2966 MiB
2026/06/01 17:49:06.457, 0, NVIDIA GeForce RTX 4090, 2963 MiB
2026/06/01 17:49:11.458, 0, NVIDIA GeForce RTX 4090, 3015 MiB
2026/06/01 17:49:16.459, 0, NVIDIA GeForce RTX 4090, 2984 MiB
2026/06/01 17:49:21.459, 0, NVIDIA GeForce RTX 4090, 2969 MiB
2026/06/01 17:49:26.460, 0, NVIDIA GeForce RTX 4090, 2990 MiB
2026/06/01 17:49:31.461, 0, NVIDIA GeForce RTX 4090, 3000 MiB
2026/06/01 17:49:36.461, 0, NVIDIA GeForce RTX 4090, 2969 MiB
2026/06/01 17:49:41.462, 0, NVIDIA GeForce RTX 4090, 2965 MiB
2026/06/01 17:49:46.463, 0, NVIDIA GeForce RTX 4090, 2965 MiB
2026/06/01 17:49:51.463, 0, NVIDIA GeForce RTX 4090, 2965 MiB
2026/06/01 17:49:56.464, 0, NVIDIA GeForce RTX 4090, 2965 MiB
2026/06/01 17:50:01.464, 0, NVIDIA GeForce RTX 4090, 2965 MiB
2026/06/01 17:50:06.465, 0, NVIDIA GeForce RTX 4090, 2965 MiB
2026/06/01 17:50:11.466, 0, NVIDIA GeForce RTX 4090, 2965 MiB
2026/06/01 17:50:16.466, 0, NVIDIA GeForce RTX 4090, 2965 MiB
2026/06/01 17:50:21.467, 0, NVIDIA GeForce RTX 4090, 2965 MiB
2026/06/01 17:50:26.468, 0, NVIDIA GeForce RTX 4090, 2965 MiB
2026/06/01 17:50:31.469, 0, NVIDIA GeForce RTX 4090, 2965 MiB
2026/06/01 17:50:36.470, 0, NVIDIA GeForce RTX 4090, 2965 MiB
2026/06/01 17:50:41.470, 0, NVIDIA GeForce RTX 4090, 2965 MiB
2026/06/01 17:50:46.471, 0, NVIDIA GeForce RTX 4090, 2965 MiB
2026/06/01 17:50:51.472, 0, NVIDIA GeForce RTX 4090, 2965 MiB
2026/06/01 17:50:56.473, 0, NVIDIA GeForce RTX 4090, 2965 MiB
2026/06/01 17:51:01.473, 0, NVIDIA GeForce RTX 4090, 2965 MiB
2026/06/01 17:51:06.474, 0, NVIDIA GeForce RTX 4090, 2965 MiB
2026/06/01 17:51:11.475, 0, NVIDIA GeForce RTX 4090, 2965 MiB
2026/06/01 17:51:16.475, 0, NVIDIA GeForce RTX 4090, 2965 MiB
2026/06/01 17:51:21.486, 0, NVIDIA GeForce RTX 4090, 3012 MiB
2026/06/01 17:51:26.487, 0, NVIDIA GeForce RTX 4090, 3012 MiB
2026/06/01 17:51:31.488, 0, NVIDIA GeForce RTX 4090, 3026 MiB
2026/06/01 17:51:36.488, 0, NVIDIA GeForce RTX 4090, 3026 MiB
2026/06/01 17:51:41.490, 0, NVIDIA GeForce RTX 4090, 3026 MiB
2026/06/01 17:51:46.490, 0, NVIDIA GeForce RTX 4090, 3026 MiB
2026/06/01 17:51:51.491, 0, NVIDIA GeForce RTX 4090, 3026 MiB
2026/06/01 17:51:56.492, 0, NVIDIA GeForce RTX 4090, 3026 MiB
2026/06/01 17:52:01.492, 0, NVIDIA GeForce RTX 4090, 2977 MiB
2026/06/01 17:52:06.493, 0, NVIDIA GeForce RTX 4090, 2976 MiB
2026/06/01 17:52:11.494, 0, NVIDIA GeForce RTX 4090, 3017 MiB
2026/06/01 17:52:16.494, 0, NVIDIA GeForce RTX 4090, 3023 MiB
2026/06/01 17:52:21.495, 0, NVIDIA GeForce RTX 4090, 3013 MiB
2026/06/01 17:52:26.496, 0, NVIDIA GeForce RTX 4090, 3008 MiB
2026/06/01 17:52:31.497, 0, NVIDIA GeForce RTX 4090, 3013 MiB
2026/06/01 17:52:36.497, 0, NVIDIA GeForce RTX 4090, 3012 MiB
2026/06/01 17:52:41.499, 0, NVIDIA GeForce RTX 4090, 3012 MiB
2026/06/01 17:52:46.499, 0, NVIDIA GeForce RTX 4090, 3012 MiB
2026/06/01 17:52:51.510, 0, NVIDIA GeForce RTX 4090, 3012 MiB
2026/06/01 17:52:56.511, 0, NVIDIA GeForce RTX 4090, 3012 MiB
2026/06/01 17:53:01.512, 0, NVIDIA GeForce RTX 4090, 3012 MiB
2026/06/01 17:53:06.513, 0, NVIDIA GeForce RTX 4090, 3012 MiB
2026/06/01 17:53:11.513, 0, NVIDIA GeForce RTX 4090, 3012 MiB
2026/06/01 17:53:16.514, 0, NVIDIA GeForce RTX 4090, 3012 MiB
2026/06/01 17:53:21.515, 0, NVIDIA GeForce RTX 4090, 3012 MiB
2026/06/01 17:53:26.516, 0, NVIDIA GeForce RTX 4090, 3012 MiB
2026/06/01 17:53:31.516, 0, NVIDIA GeForce RTX 4090, 3012 MiB
2026/06/01 17:53:36.518, 0, NVIDIA GeForce RTX 4090, 3012 MiB
2026/06/01 17:53:41.518, 0, NVIDIA GeForce RTX 4090, 3012 MiB
2026/06/01 17:53:46.519, 0, NVIDIA GeForce RTX 4090, 3010 MiB
2026/06/01 17:53:51.520, 0, NVIDIA GeForce RTX 4090, 3001 MiB
2026/06/01 17:53:56.520, 0, NVIDIA GeForce RTX 4090, 2991 MiB
2026/06/01 17:54:01.522, 0, NVIDIA GeForce RTX 4090, 2982 MiB
2026/06/01 17:54:06.523, 0, NVIDIA GeForce RTX 4090, 2984 MiB
2026/06/01 17:54:11.523, 0, NVIDIA GeForce RTX 4090, 2984 MiB
2026/06/01 17:54:16.524, 0, NVIDIA GeForce RTX 4090, 2984 MiB
2026/06/01 17:54:21.525, 0, NVIDIA GeForce RTX 4090, 2999 MiB
2026/06/01 17:54:26.525, 0, NVIDIA GeForce RTX 4090, 2999 MiB
2026/06/01 17:54:31.526, 0, NVIDIA GeForce RTX 4090, 2999 MiB
2026/06/01 17:54:36.527, 0, NVIDIA GeForce RTX 4090, 2999 MiB
2026/06/01 17:54:41.527, 0, NVIDIA GeForce RTX 4090, 2995 MiB
2026/06/01 17:54:46.528, 0, NVIDIA GeForce RTX 4090, 2995 MiB
2026/06/01 17:54:51.529, 0, NVIDIA GeForce RTX 4090, 2995 MiB
2026/06/01 17:54:56.529, 0, NVIDIA GeForce RTX 4090, 2995 MiB
2026/06/01 17:55:01.530, 0, NVIDIA GeForce RTX 4090, 2995 MiB
2026/06/01 17:55:06.531, 0, NVIDIA GeForce RTX 4090, 2984 MiB
2026/06/01 17:55:11.531, 0, NVIDIA GeForce RTX 4090, 2973 MiB
2026/06/01 17:55:16.532, 0, NVIDIA GeForce RTX 4090, 2973 MiB
2026/06/01 17:55:21.542, 0, NVIDIA GeForce RTX 4090, 2973 MiB
2026/06/01 17:55:26.543, 0, NVIDIA GeForce RTX 4090, 2973 MiB
2026/06/01 17:55:31.543, 0, NVIDIA GeForce RTX 4090, 2973 MiB
2026/06/01 17:55:36.544, 0, NVIDIA GeForce RTX 4090, 2973 MiB
2026/06/01 17:55:41.545, 0, NVIDIA GeForce RTX 4090, 2973 MiB
2026/06/01 17:55:46.545, 0, NVIDIA GeForce RTX 4090, 2973 MiB
2026/06/01 17:55:51.546, 0, NVIDIA GeForce RTX 4090, 2973 MiB
2026/06/01 17:55:56.546, 0, NVIDIA GeForce RTX 4090, 2973 MiB
2026/06/01 17:56:01.547, 0, NVIDIA GeForce RTX 4090, 2973 MiB
2026/06/01 17:56:06.548, 0, NVIDIA GeForce RTX 4090, 2973 MiB
2026/06/01 17:56:11.548, 0, NVIDIA GeForce RTX 4090, 2973 MiB
2026/06/01 17:56:16.549, 0, NVIDIA GeForce RTX 4090, 2973 MiB
2026/06/01 17:56:21.550, 0, NVIDIA GeForce RTX 4090, 2973 MiB
2026/06/01 17:56:26.551, 0, NVIDIA GeForce RTX 4090, 2973 MiB
2026/06/01 17:56:31.551, 0, NVIDIA GeForce RTX 4090, 2824 MiB
2026/06/01 17:56:36.552, 0, NVIDIA GeForce RTX 4090, 2824 MiB
2026/06/01 17:56:41.553, 0, NVIDIA GeForce RTX 4090, 2824 MiB
2026/06/01 17:56:46.553, 0, NVIDIA GeForce RTX 4090, 2824 MiB
2026/06/01 17:56:51.554, 0, NVIDIA GeForce RTX 4090, 2824 MiB
2026/06/01 17:56:56.555, 0, NVIDIA GeForce RTX 4090, 2824 MiB
2026/06/01 17:57:01.555, 0, NVIDIA GeForce RTX 4090, 2792 MiB
2026/06/01 17:57:06.556, 0, NVIDIA GeForce RTX 4090, 2792 MiB
2026/06/01 17:57:11.566, 0, NVIDIA GeForce RTX 4090, 2792 MiB
2026/06/01 17:57:16.567, 0, NVIDIA GeForce RTX 4090, 2792 MiB
2026/06/01 17:57:21.577, 0, NVIDIA GeForce RTX 4090, 2793 MiB
2026/06/01 17:57:26.578, 0, NVIDIA GeForce RTX 4090, 2793 MiB
2026/06/01 17:57:31.578, 0, NVIDIA GeForce RTX 4090, 2793 MiB
2026/06/01 17:57:36.588, 0, NVIDIA GeForce RTX 4090, 2793 MiB
2026/06/01 17:57:41.589, 0, NVIDIA GeForce RTX 4090, 2793 MiB
2026/06/01 17:57:46.589, 0, NVIDIA GeForce RTX 4090, 2793 MiB
2026/06/01 17:57:51.590, 0, NVIDIA GeForce RTX 4090, 2793 MiB
2026/06/01 17:57:56.591, 0, NVIDIA GeForce RTX 4090, 2793 MiB
2026/06/01 17:58:01.591, 0, NVIDIA GeForce RTX 4090, 2793 MiB
2026/06/01 17:58:06.592, 0, NVIDIA GeForce RTX 4090, 2793 MiB
2026/06/01 17:58:11.593, 0, NVIDIA GeForce RTX 4090, 2793 MiB
2026/06/01 17:58:16.593, 0, NVIDIA GeForce RTX 4090, 2793 MiB
2026/06/01 17:58:21.594, 0, NVIDIA GeForce RTX 4090, 2793 MiB
2026/06/01 17:58:26.596, 0, NVIDIA GeForce RTX 4090, 2793 MiB
2026/06/01 17:58:31.596, 0, NVIDIA GeForce RTX 4090, 2793 MiB
2026/06/01 17:58:36.597, 0, NVIDIA GeForce RTX 4090, 2793 MiB
2026/06/01 17:58:41.598, 0, NVIDIA GeForce RTX 4090, 2793 MiB
2026/06/01 17:58:46.598, 0, NVIDIA GeForce RTX 4090, 2793 MiB
2026/06/01 17:58:51.599, 0, NVIDIA GeForce RTX 4090, 2793 MiB
2026/06/01 17:58:56.600, 0, NVIDIA GeForce RTX 4090, 2793 MiB
2026/06/01 17:59:01.601, 0, NVIDIA GeForce RTX 4090, 2793 MiB
2026/06/01 17:59:06.601, 0, NVIDIA GeForce RTX 4090, 2793 MiB
2026/06/01 17:59:11.611, 0, NVIDIA GeForce RTX 4090, 2793 MiB
2026/06/01 17:59:16.612, 0, NVIDIA GeForce RTX 4090, 2793 MiB
2026/06/01 17:59:21.612, 0, NVIDIA GeForce RTX 4090, 2793 MiB
2026/06/01 17:59:26.613, 0, NVIDIA GeForce RTX 4090, 2793 MiB
2026/06/01 17:59:31.614, 0, NVIDIA GeForce RTX 4090, 2793 MiB
2026/06/01 17:59:36.614, 0, NVIDIA GeForce RTX 4090, 2793 MiB
2026/06/01 17:59:41.615, 0, NVIDIA GeForce RTX 4090, 2793 MiB
2026/06/01 17:59:46.616, 0, NVIDIA GeForce RTX 4090, 2793 MiB
2026/06/01 17:59:51.617, 0, NVIDIA GeForce RTX 4090, 2793 MiB
2026/06/01 17:59:56.617, 0, NVIDIA GeForce RTX 4090, 2793 MiB
2026/06/01 18:00:01.618, 0, NVIDIA GeForce RTX 4090, 2793 MiB
2026/06/01 18:00:06.618, 0, NVIDIA GeForce RTX 4090, 2793 MiB
2026/06/01 18:00:11.619, 0, NVIDIA GeForce RTX 4090, 2793 MiB
2026/06/01 18:00:16.620, 0, NVIDIA GeForce RTX 4090, 2793 MiB
2026/06/01 18:00:21.620, 0, NVIDIA GeForce RTX 4090, 2793 MiB
2026/06/01 18:00:26.621, 0, NVIDIA GeForce RTX 4090, 2793 MiB
2026/06/01 18:00:31.622, 0, NVIDIA GeForce RTX 4090, 2793 MiB
2026/06/01 18:00:36.622, 0, NVIDIA GeForce RTX 4090, 2793 MiB
2026/06/01 18:00:41.623, 0, NVIDIA GeForce RTX 4090, 2793 MiB
